Order_ID,Order_Date,Customer_ID,Customer_Segment,Region,Category,Sub_Category,Sales,Quantity,Discount,Profit,Payment_Method
ORD-1001,2023-01-15,CUST-201,Consumer,North,Electronics,Phones,850.50,2,0.05,120.30,Credit Card
ORD-1002,2023-01-16,CUST-202,Corporate,South,Furniture,Chairs,280.00,4,0.10,42.50,Bank Transfer
ORD-1003,2023-01-18,CUST-203,Home Office,East,Office Supplies,Binders,15.20,5,0.00,4.80,PayPal
ORD-1004,2023-01-20,CUST-204,Consumer,West,Technology,Accessories,120.00,3,0.15,18.00,Credit Card
ORD-1005,2023-01-22,CUST-205,Corporate,Central,Furniture,Tables,950.00,2,0.20,-85.00,Credit Card
ORD-1006,2023-01-25,CUST-206,Consumer,North,Office Supplies,Paper,32.00,6,0.00,12.50,Debit Card
ORD-1007,2023-01-28,CUST-207,Home Office,South,Electronics,Laptops,1450.00,1,0.00,320.00,Bank Transfer
ORD-1008,2023-02-02,CUST-208,Consumer,East,Furniture,Bookcases,340.00,2,0.15,22.00,Credit Card
ORD-1009,2023-02-05,CUST-209,Corporate,West,Technology,Monitors,420.00,3,0.10,75.00,Credit Card
ORD-1010,2023-02-09,CUST-210,Consumer,Central,Office Supplies,Storage,88.00,4,0.00,21.00,PayPal
ORD-1011,2023-02-14,CUST-211,Home Office,North,Electronics,Phones,720.00,1,0.05,95.00,Credit Card
ORD-1012,2023-02-18,CUST-212,Consumer,South,Furniture,Furnishings,65.00,5,0.00,15.00,Debit Card
ORD-1013,2023-02-21,CUST-213,Corporate,East,Office Supplies,Art,28.00,3,0.00,8.50,Credit Card
ORD-1014,2023-02-24,CUST-214,Consumer,West,Technology,Accessories,110.00,2,0.10,16.50,Credit Card
ORD-1015,2023-03-01,CUST-215,Corporate,Central,Electronics,Laptops,3200.00,2,0.25,-120.00,Bank Transfer
ORD-1016,2023-03-04,CUST-216,Home Office,North,Furniture,Chairs,410.00,3,0.10,62.00,PayPal
ORD-1017,2023-03-08,CUST-217,Consumer,South,Office Supplies,Appliances,210.00,1,0.00,48.00,Credit Card
ORD-1018,2023-03-12,CUST-218,Corporate,East,Technology,Phones,990.00,2,0.05,180.00,Credit Card
ORD-1019,2023-03-15,CUST-219,Consumer,West,Office Supplies,Paper,45.00,5,0.00,18.00,Debit Card
ORD-1020,2023-03-20,CUST-220,Home Office,Central,Furniture,Tables,1150.00,1,0.30,-150.00,Bank Transfer
ORD-1021,2023-03-24,CUST-221,Consumer,North,Electronics,Accessories,135.00,4,0.00,35.00,Credit Card
ORD-1022,2023-03-27,CUST-222,Corporate,South,Office Supplies,Binders,55.00,8,0.20,11.00,PayPal
ORD-1023,2023-04-02,CUST-223,Consumer,East,Technology,Monitors,560.00,2,0.10,92.00,Credit Card
ORD-1024,2023-04-06,CUST-224,Home Office,West,Furniture,Chairs,310.00,2,0.00,55.00,Credit Card
ORD-1025,2023-04-10,CUST-225,Corporate,Central,Electronics,Laptops,1650.00,1,0.05,280.00,Bank Transfer
ORD-1026,2023-04-15,CUST-226,Consumer,North,Office Supplies,Storage,140.00,3,0.00,38.00,Debit Card
ORD-1027,2023-04-18,CUST-227,Corporate,South,Technology,Phones,620.00,1,0.00,110.00,Credit Card
ORD-1028,2023-04-22,CUST-228,Consumer,East,Furniture,Bookcases,450.00,2,0.15,30.00,Credit Card
ORD-1029,2023-04-26,CUST-229,Home Office,West,Office Supplies,Paper,24.00,4,0.00,9.00,PayPal
ORD-1030,2023-05-01,CUST-230,Corporate,Central,Electronics,Accessories,85.00,3,0.00,22.00,Bank Transfer
ORD-1031,2023-05-05,CUST-231,Consumer,North,Furniture,Furnishings,120.00,6,0.10,24.00,Credit Card
ORD-1032,2023-05-10,CUST-232,Consumer,South,Technology,Laptops,2100.00,1,0.10,340.00,Credit Card
ORD-1033,2023-05-14,CUST-233,Corporate,East,Office Supplies,Appliances,315.00,2,0.00,72.00,Bank Transfer
ORD-1034,2023-05-18,CUST-234,Home Office,West,Furniture,Tables,880.00,1,0.20,-45.00,Credit Card
ORD-1035,2023-05-22,CUST-235,Consumer,Central,Electronics,Phones,790.00,2,0.00,145.00,PayPal
ORD-1036,2023-05-27,CUST-236,Corporate,North,Office Supplies,Binders,42.00,7,0.10,9.50,Credit Card
ORD-1037,2023-06-02,CUST-237,Consumer,South,Technology,Accessories,95.00,3,0.00,26.00,Debit Card
ORD-1038,2023-06-06,CUST-238,Home Office,East,Furniture,Chairs,520.00,4,0.15,68.00,Credit Card
ORD-1039,2023-06-11,CUST-239,Corporate,West,Electronics,Monitors,480.00,2,0.05,82.00,Bank Transfer
ORD-1040,2023-06-16,CUST-240,Consumer,Central,Office Supplies,Paper,38.00,5,0.00,14.00,PayPal
ORD-1041,2023-06-21,CUST-241,Consumer,North,Technology,Laptops,4850.00,3,0.10,850.00,Credit Card
ORD-1042,2023-06-25,CUST-242,Corporate,South,Furniture,Bookcases,290.00,2,0.00,48.00,Credit Card
ORD-1043,2023-06-30,CUST-243,Home Office,East,Office Supplies,Art,34.00,4,0.00,11.00,Debit Card
ORD-1044,2023-07-05,CUST-244,Consumer,West,Electronics,Phones,680.00,1,0.05,98.00,Credit Card
ORD-1045,2023-07-09,CUST-245,Corporate,Central,Furniture,Tables,1400.00,2,0.35,-220.00,Bank Transfer
ORD-1046,2023-07-14,CUST-246,Consumer,North,Office Supplies,Storage,115.00,3,0.00,28.00,PayPal
ORD-1047,2023-07-19,CUST-247,Home Office,South,Technology,Accessories,160.00,4,0.05,32.00,Credit Card
ORD-1048,2023-07-24,CUST-248,Corporate,East,Electronics,Laptops,1950.00,1,0.00,390.00,Credit Card
ORD-1049,2023-07-28,CUST-249,Consumer,West,Furniture,Chairs,350.00,2,0.10,45.00,Debit Card
ORD-1050,2023-08-03,CUST-250,Corporate,Central,Office Supplies,Appliances,420.00,2,0.00,98.00,Bank Transfer
